,Time,ProcessType,ToolType,InjuryType,AbsenteeismLevel
0,1,Door-Mount,Forklift,Electrical-Burn,Low
1,1,Door-Mount,Forklift,Electrical-Burn,Medium
2,1,Door-Mount,Forklift,Electrical-Burn,High
3,1,Door-Mount,Front-Right-Door,Electrical-Burn,Low
4,1,Door-Mount,Front-Right-Door,Electrical-Burn,Medium
5,1,Door-Mount,Front-Right-Door,Electrical-Burn,High
6,1,Door-Mount,Oil,Electrical-Burn,Low
7,1,Door-Mount,Oil,Electrical-Burn,Medium
8,1,Door-Mount,Oil,Electrical-Burn,High
9,1,Door-Mount,Power-Gun,Electrical-Burn,Low
10,1,Door-Mount,Power-Gun,Electrical-Burn,Medium
11,1,Door-Mount,Power-Gun,Electrical-Burn,High
12,1,Accel-Pedal,Forklift,Electrical-Burn,Low
13,1,Accel-Pedal,Forklift,Electrical-Burn,Medium
14,1,Accel-Pedal,Forklift,Electrical-Burn,High
15,1,Accel-Pedal,Front-Right-Door,Electrical-Burn,Low
16,1,Accel-Pedal,Front-Right-Door,Electrical-Burn,Medium
17,1,Accel-Pedal,Front-Right-Door,Electrical-Burn,High
18,1,Accel-Pedal,Oil,Electrical-Burn,Low
19,1,Accel-Pedal,Oil,Electrical-Burn,Medium
20,1,Accel-Pedal,Oil,Electrical-Burn,High
21,1,Accel-Pedal,Power-Gun,Electrical-Burn,Low
22,1,Accel-Pedal,Power-Gun,Electrical-Burn,Medium
23,1,Accel-Pedal,Power-Gun,Electrical-Burn,High
24,1,Sun-Roof-Housing,Forklift,Electrical-Burn,Low
25,1,Sun-Roof-Housing,Forklift,Electrical-Burn,Medium
26,1,Sun-Roof-Housing,Forklift,Electrical-Burn,High
27,1,Sun-Roof-Housing,Front-Right-Door,Electrical-Burn,Low
28,1,Sun-Roof-Housing,Front-Right-Door,Electrical-Burn,Medium
29,1,Sun-Roof-Housing,Front-Right-Door,Electrical-Burn,High
30,1,Sun-Roof-Housing,Oil,Electrical-Burn,Low
31,1,Sun-Roof-Housing,Oil,Electrical-Burn,Medium
32,1,Sun-Roof-Housing,Oil,Electrical-Burn,High
33,1,Sun-Roof-Housing,Power-Gun,Electrical-Burn,Low
34,1,Sun-Roof-Housing,Power-Gun,Electrical-Burn,Medium
35,1,Sun-Roof-Housing,Power-Gun,Electrical-Burn,High
36,2,Door-Mount,Forklift,Electrical-Burn,Low
37,2,Door-Mount,Forklift,Electrical-Burn,Medium
38,2,Door-Mount,Forklift,Electrical-Burn,High
39,2,Door-Mount,Front-Right-Door,Electrical-Burn,Low
40,2,Door-Mount,Front-Right-Door,Electrical-Burn,Medium
41,2,Door-Mount,Front-Right-Door,Electrical-Burn,High
42,2,Door-Mount,Oil,Electrical-Burn,Low
43,2,Door-Mount,Oil,Electrical-Burn,Medium
44,2,Door-Mount,Oil,Electrical-Burn,High
45,2,Door-Mount,Power-Gun,Electrical-Burn,Low
46,2,Door-Mount,Power-Gun,Electrical-Burn,Medium
47,2,Door-Mount,Power-Gun,Electrical-Burn,High
48,2,Accel-Pedal,Forklift,Electrical-Burn,Low
49,2,Accel-Pedal,Forklift,Electrical-Burn,Medium
50,2,Accel-Pedal,Forklift,Electrical-Burn,High
51,2,Accel-Pedal,Front-Right-Door,Electrical-Burn,Low
52,2,Accel-Pedal,Front-Right-Door,Electrical-Burn,Medium
53,2,Accel-Pedal,Front-Right-Door,Electrical-Burn,High
54,2,Accel-Pedal,Oil,Electrical-Burn,Low
55,2,Accel-Pedal,Oil,Electrical-Burn,Medium
56,2,Accel-Pedal,Oil,Electrical-Burn,High
57,2,Accel-Pedal,Power-Gun,Electrical-Burn,Low
58,2,Accel-Pedal,Power-Gun,Electrical-Burn,Medium
59,2,Accel-Pedal,Power-Gun,Electrical-Burn,High
60,2,Sun-Roof-Housing,Forklift,Electrical-Burn,Low
61,2,Sun-Roof-Housing,Forklift,Electrical-Burn,Medium
62,2,Sun-Roof-Housing,Forklift,Electrical-Burn,High
63,2,Sun-Roof-Housing,Front-Right-Door,Electrical-Burn,Low
64,2,Sun-Roof-Housing,Front-Right-Door,Electrical-Burn,Medium
65,2,Sun-Roof-Housing,Front-Right-Door,Electrical-Burn,High
66,2,Sun-Roof-Housing,Oil,Electrical-Burn,Low
67,2,Sun-Roof-Housing,Oil,Electrical-Burn,Medium
68,2,Sun-Roof-Housing,Oil,Electrical-Burn,High
69,2,Sun-Roof-Housing,Power-Gun,Electrical-Burn,Low
70,2,Sun-Roof-Housing,Power-Gun,Electrical-Burn,Medium
71,2,Sun-Roof-Housing,Power-Gun,Electrical-Burn,High
72,3,Door-Mount,Forklift,Electrical-Burn,Low
73,3,Door-Mount,Forklift,Electrical-Burn,Medium
74,3,Door-Mount,Forklift,Electrical-Burn,High
75,3,Door-Mount,Front-Right-Door,Electrical-Burn,Low
76,3,Door-Mount,Front-Right-Door,Electrical-Burn,Medium
77,3,Door-Mount,Front-Right-Door,Electrical-Burn,High
78,3,Door-Mount,Oil,Electrical-Burn,Low
79,3,Door-Mount,Oil,Electrical-Burn,Medium
80,3,Door-Mount,Oil,Electrical-Burn,High
81,3,Door-Mount,Power-Gun,Electrical-Burn,Low
82,3,Door-Mount,Power-Gun,Electrical-Burn,Medium
83,3,Door-Mount,Power-Gun,Electrical-Burn,High
84,3,Accel-Pedal,Forklift,Electrical-Burn,Low
85,3,Accel-Pedal,Forklift,Electrical-Burn,Medium
86,3,Accel-Pedal,Forklift,Electrical-Burn,High
87,3,Accel-Pedal,Front-Right-Door,Electrical-Burn,Low
88,3,Accel-Pedal,Front-Right-Door,Electrical-Burn,Medium
89,3,Accel-Pedal,Front-Right-Door,Electrical-Burn,High
90,3,Accel-Pedal,Oil,Electrical-Burn,Low
91,3,Accel-Pedal,Oil,Electrical-Burn,Medium
92,3,Accel-Pedal,Oil,Electrical-Burn,High
93,3,Accel-Pedal,Power-Gun,Electrical-Burn,Low
94,3,Accel-Pedal,Power-Gun,Electrical-Burn,Medium
95,3,Accel-Pedal,Power-Gun,Electrical-Burn,High
96,3,Sun-Roof-Housing,Forklift,Electrical-Burn,Low
97,3,Sun-Roof-Housing,Forklift,Electrical-Burn,Medium
98,3,Sun-Roof-Housing,Forklift,Electrical-Burn,High
99,3,Sun-Roof-Housing,Front-Right-Door,Electrical-Burn,Low
100,3,Sun-Roof-Housing,Front-Right-Door,Electrical-Burn,Medium
101,3,Sun-Roof-Housing,Front-Right-Door,Electrical-Burn,High
102,3,Sun-Roof-Housing,Oil,Electrical-Burn,Low
103,3,Sun-Roof-Housing,Oil,Electrical-Burn,Medium
104,3,Sun-Roof-Housing,Oil,Electrical-Burn,High
105,3,Sun-Roof-Housing,Power-Gun,Electrical-Burn,Low
106,3,Sun-Roof-Housing,Power-Gun,Electrical-Burn,Medium
107,3,Sun-Roof-Housing,Power-Gun,Electrical-Burn,High
108,4,Door-Mount,Forklift,Electrical-Burn,Low
109,4,Door-Mount,Forklift,Electrical-Burn,Medium
110,4,Door-Mount,Forklift,Electrical-Burn,High
111,4,Door-Mount,Front-Right-Door,Electrical-Burn,Low
112,4,Door-Mount,Front-Right-Door,Electrical-Burn,Medium
113,4,Door-Mount,Front-Right-Door,Electrical-Burn,High
114,4,Door-Mount,Oil,Electrical-Burn,Low
115,4,Door-Mount,Oil,Electrical-Burn,Medium
116,4,Door-Mount,Oil,Electrical-Burn,High
117,4,Door-Mount,Power-Gun,Electrical-Burn,Low
118,4,Door-Mount,Power-Gun,Electrical-Burn,Medium
119,4,Door-Mount,Power-Gun,Electrical-Burn,High
120,4,Accel-Pedal,Forklift,Electrical-Burn,Low
121,4,Accel-Pedal,Forklift,Electrical-Burn,Medium
122,4,Accel-Pedal,Forklift,Electrical-Burn,High
123,4,Accel-Pedal,Front-Right-Door,Electrical-Burn,Low
124,4,Accel-Pedal,Front-Right-Door,Electrical-Burn,Medium
125,4,Accel-Pedal,Front-Right-Door,Electrical-Burn,High
126,4,Accel-Pedal,Oil,Electrical-Burn,Low
127,4,Accel-Pedal,Oil,Electrical-Burn,Medium
128,4,Accel-Pedal,Oil,Electrical-Burn,High
129,4,Accel-Pedal,Power-Gun,Electrical-Burn,Low
130,4,Accel-Pedal,Power-Gun,Electrical-Burn,Medium
131,4,Accel-Pedal,Power-Gun,Electrical-Burn,High
132,4,Sun-Roof-Housing,Forklift,Electrical-Burn,Low
133,4,Sun-Roof-Housing,Forklift,Electrical-Burn,Medium
134,4,Sun-Roof-Housing,Forklift,Electrical-Burn,High
135,4,Sun-Roof-Housing,Front-Right-Door,Electrical-Burn,Low
136,4,Sun-Roof-Housing,Front-Right-Door,Electrical-Burn,Medium
137,4,Sun-Roof-Housing,Front-Right-Door,Electrical-Burn,High
138,4,Sun-Roof-Housing,Oil,Electrical-Burn,Low
139,4,Sun-Roof-Housing,Oil,Electrical-Burn,Medium
140,4,Sun-Roof-Housing,Oil,Electrical-Burn,High
141,4,Sun-Roof-Housing,Power-Gun,Electrical-Burn,Low
142,4,Sun-Roof-Housing,Power-Gun,Electrical-Burn,Medium
143,4,Sun-Roof-Housing,Power-Gun,Electrical-Burn,High
144,5,Door-Mount,Forklift,Electrical-Burn,Low
145,5,Door-Mount,Forklift,Electrical-Burn,Medium
146,5,Door-Mount,Forklift,Electrical-Burn,High
147,5,Door-Mount,Front-Right-Door,Electrical-Burn,Low
148,5,Door-Mount,Front-Right-Door,Electrical-Burn,Medium
149,5,Door-Mount,Front-Right-Door,Electrical-Burn,High
150,5,Door-Mount,Oil,Electrical-Burn,Low
151,5,Door-Mount,Oil,Electrical-Burn,Medium
152,5,Door-Mount,Oil,Electrical-Burn,High
153,5,Door-Mount,Power-Gun,Electrical-Burn,Low
154,5,Door-Mount,Power-Gun,Electrical-Burn,Medium
155,5,Door-Mount,Power-Gun,Electrical-Burn,High
156,5,Accel-Pedal,Forklift,Electrical-Burn,Low
157,5,Accel-Pedal,Forklift,Electrical-Burn,Medium
158,5,Accel-Pedal,Forklift,Electrical-Burn,High
159,5,Accel-Pedal,Front-Right-Door,Electrical-Burn,Low
160,5,Accel-Pedal,Front-Right-Door,Electrical-Burn,Medium
161,5,Accel-Pedal,Front-Right-Door,Electrical-Burn,High
162,5,Accel-Pedal,Oil,Electrical-Burn,Low
163,5,Accel-Pedal,Oil,Electrical-Burn,Medium
164,5,Accel-Pedal,Oil,Electrical-Burn,High
165,5,Accel-Pedal,Power-Gun,Electrical-Burn,Low
166,5,Accel-Pedal,Power-Gun,Electrical-Burn,Medium
167,5,Accel-Pedal,Power-Gun,Electrical-Burn,High
168,5,Sun-Roof-Housing,Forklift,Electrical-Burn,Low
169,5,Sun-Roof-Housing,Forklift,Electrical-Burn,Medium
170,5,Sun-Roof-Housing,Forklift,Electrical-Burn,High
171,5,Sun-Roof-Housing,Front-Right-Door,Electrical-Burn,Low
172,5,Sun-Roof-Housing,Front-Right-Door,Electrical-Burn,Medium
173,5,Sun-Roof-Housing,Front-Right-Door,Electrical-Burn,High
174,5,Sun-Roof-Housing,Oil,Electrical-Burn,Low
175,5,Sun-Roof-Housing,Oil,Electrical-Burn,Medium
176,5,Sun-Roof-Housing,Oil,Electrical-Burn,High
177,5,Sun-Roof-Housing,Power-Gun,Electrical-Burn,Low
178,5,Sun-Roof-Housing,Power-Gun,Electrical-Burn,Medium
179,5,Sun-Roof-Housing,Power-Gun,Electrical-Burn,High
180,6,Door-Mount,Forklift,Electrical-Burn,Low
181,6,Door-Mount,Forklift,Electrical-Burn,Medium
182,6,Door-Mount,Forklift,Electrical-Burn,High
183,6,Door-Mount,Front-Right-Door,Electrical-Burn,Low
184,6,Door-Mount,Front-Right-Door,Electrical-Burn,Medium
185,6,Door-Mount,Front-Right-Door,Electrical-Burn,High
186,6,Door-Mount,Oil,Electrical-Burn,Low
187,6,Door-Mount,Oil,Electrical-Burn,Medium
188,6,Door-Mount,Oil,Electrical-Burn,High
189,6,Door-Mount,Power-Gun,Electrical-Burn,Low
190,6,Door-Mount,Power-Gun,Electrical-Burn,Medium
191,6,Door-Mount,Power-Gun,Electrical-Burn,High
192,6,Accel-Pedal,Forklift,Electrical-Burn,Low
193,6,Accel-Pedal,Forklift,Electrical-Burn,Medium
194,6,Accel-Pedal,Forklift,Electrical-Burn,High
195,6,Accel-Pedal,Front-Right-Door,Electrical-Burn,Low
196,6,Accel-Pedal,Front-Right-Door,Electrical-Burn,Medium
197,6,Accel-Pedal,Front-Right-Door,Electrical-Burn,High
198,6,Accel-Pedal,Oil,Electrical-Burn,Low
199,6,Accel-Pedal,Oil,Electrical-Burn,Medium
200,6,Accel-Pedal,Oil,Electrical-Burn,High
201,6,Accel-Pedal,Power-Gun,Electrical-Burn,Low
202,6,Accel-Pedal,Power-Gun,Electrical-Burn,Medium
203,6,Accel-Pedal,Power-Gun,Electrical-Burn,High
204,6,Sun-Roof-Housing,Forklift,Electrical-Burn,Low
205,6,Sun-Roof-Housing,Forklift,Electrical-Burn,Medium
206,6,Sun-Roof-Housing,Forklift,Electrical-Burn,High
207,6,Sun-Roof-Housing,Front-Right-Door,Electrical-Burn,Low
208,6,Sun-Roof-Housing,Front-Right-Door,Electrical-Burn,Medium
209,6,Sun-Roof-Housing,Front-Right-Door,Electrical-Burn,High
210,6,Sun-Roof-Housing,Oil,Electrical-Burn,Low
211,6,Sun-Roof-Housing,Oil,Electrical-Burn,Medium
212,6,Sun-Roof-Housing,Oil,Electrical-Burn,High
213,6,Sun-Roof-Housing,Power-Gun,Electrical-Burn,Low
214,6,Sun-Roof-Housing,Power-Gun,Electrical-Burn,Medium
215,6,Sun-Roof-Housing,Power-Gun,Electrical-Burn,High
216,7,Door-Mount,Forklift,Electrical-Burn,Low
217,7,Door-Mount,Forklift,Electrical-Burn,Medium
218,7,Door-Mount,Forklift,Electrical-Burn,High
219,7,Door-Mount,Front-Right-Door,Electrical-Burn,Low
220,7,Door-Mount,Front-Right-Door,Electrical-Burn,Medium
221,7,Door-Mount,Front-Right-Door,Electrical-Burn,High
222,7,Door-Mount,Oil,Electrical-Burn,Low
223,7,Door-Mount,Oil,Electrical-Burn,Medium
224,7,Door-Mount,Oil,Electrical-Burn,High
225,7,Door-Mount,Power-Gun,Electrical-Burn,Low
226,7,Door-Mount,Power-Gun,Electrical-Burn,Medium
227,7,Door-Mount,Power-Gun,Electrical-Burn,High
228,7,Accel-Pedal,Forklift,Electrical-Burn,Low
229,7,Accel-Pedal,Forklift,Electrical-Burn,Medium
230,7,Accel-Pedal,Forklift,Electrical-Burn,High
231,7,Accel-Pedal,Front-Right-Door,Electrical-Burn,Low
232,7,Accel-Pedal,Front-Right-Door,Electrical-Burn,Medium
233,7,Accel-Pedal,Front-Right-Door,Electrical-Burn,High
234,7,Accel-Pedal,Oil,Electrical-Burn,Low
235,7,Accel-Pedal,Oil,Electrical-Burn,Medium
236,7,Accel-Pedal,Oil,Electrical-Burn,High
237,7,Accel-Pedal,Power-Gun,Electrical-Burn,Low
238,7,Accel-Pedal,Power-Gun,Electrical-Burn,Medium
239,7,Accel-Pedal,Power-Gun,Electrical-Burn,High
240,7,Sun-Roof-Housing,Forklift,Electrical-Burn,Low
241,7,Sun-Roof-Housing,Forklift,Electrical-Burn,Medium
242,7,Sun-Roof-Housing,Forklift,Electrical-Burn,High
243,7,Sun-Roof-Housing,Front-Right-Door,Electrical-Burn,Low
244,7,Sun-Roof-Housing,Front-Right-Door,Electrical-Burn,Medium
245,7,Sun-Roof-Housing,Front-Right-Door,Electrical-Burn,High
246,7,Sun-Roof-Housing,Oil,Electrical-Burn,Low
247,7,Sun-Roof-Housing,Oil,Electrical-Burn,Medium
248,7,Sun-Roof-Housing,Oil,Electrical-Burn,High
249,7,Sun-Roof-Housing,Power-Gun,Electrical-Burn,Low
250,7,Sun-Roof-Housing,Power-Gun,Electrical-Burn,Medium
251,7,Sun-Roof-Housing,Power-Gun,Electrical-Burn,High
252,8,Door-Mount,Forklift,Electrical-Burn,Low
253,8,Door-Mount,Forklift,Electrical-Burn,Medium
254,8,Door-Mount,Forklift,Electrical-Burn,High
255,8,Door-Mount,Front-Right-Door,Electrical-Burn,Low
256,8,Door-Mount,Front-Right-Door,Electrical-Burn,Medium
257,8,Door-Mount,Front-Right-Door,Electrical-Burn,High
258,8,Door-Mount,Oil,Electrical-Burn,Low
259,8,Door-Mount,Oil,Electrical-Burn,Medium
260,8,Door-Mount,Oil,Electrical-Burn,High
261,8,Door-Mount,Power-Gun,Electrical-Burn,Low
262,8,Door-Mount,Power-Gun,Electrical-Burn,Medium
263,8,Door-Mount,Power-Gun,Electrical-Burn,High
264,8,Accel-Pedal,Forklift,Electrical-Burn,Low
265,8,Accel-Pedal,Forklift,Electrical-Burn,Medium
266,8,Accel-Pedal,Forklift,Electrical-Burn,High
267,8,Accel-Pedal,Front-Right-Door,Electrical-Burn,Low
268,8,Accel-Pedal,Front-Right-Door,Electrical-Burn,Medium
269,8,Accel-Pedal,Front-Right-Door,Electrical-Burn,High
270,8,Accel-Pedal,Oil,Electrical-Burn,Low
271,8,Accel-Pedal,Oil,Electrical-Burn,Medium
272,8,Accel-Pedal,Oil,Electrical-Burn,High
273,8,Accel-Pedal,Power-Gun,Electrical-Burn,Low
274,8,Accel-Pedal,Power-Gun,Electrical-Burn,Medium
275,8,Accel-Pedal,Power-Gun,Electrical-Burn,High
276,8,Sun-Roof-Housing,Forklift,Electrical-Burn,Low
277,8,Sun-Roof-Housing,Forklift,Electrical-Burn,Medium
278,8,Sun-Roof-Housing,Forklift,Electrical-Burn,High
279,8,Sun-Roof-Housing,Front-Right-Door,Electrical-Burn,Low
280,8,Sun-Roof-Housing,Front-Right-Door,Electrical-Burn,Medium
281,8,Sun-Roof-Housing,Front-Right-Door,Electrical-Burn,High
282,8,Sun-Roof-Housing,Oil,Electrical-Burn,Low
283,8,Sun-Roof-Housing,Oil,Electrical-Burn,Medium
284,8,Sun-Roof-Housing,Oil,Electrical-Burn,High
285,8,Sun-Roof-Housing,Power-Gun,Electrical-Burn,Low
286,8,Sun-Roof-Housing,Power-Gun,Electrical-Burn,Medium
287,8,Sun-Roof-Housing,Power-Gun,Electrical-Burn,High
288,9,Door-Mount,Forklift,Electrical-Burn,Low
289,9,Door-Mount,Forklift,Electrical-Burn,Medium
290,9,Door-Mount,Forklift,Electrical-Burn,High
291,9,Door-Mount,Front-Right-Door,Electrical-Burn,Low
292,9,Door-Mount,Front-Right-Door,Electrical-Burn,Medium
293,9,Door-Mount,Front-Right-Door,Electrical-Burn,High
294,9,Door-Mount,Oil,Electrical-Burn,Low
295,9,Door-Mount,Oil,Electrical-Burn,Medium
296,9,Door-Mount,Oil,Electrical-Burn,High
297,9,Door-Mount,Power-Gun,Electrical-Burn,Low
298,9,Door-Mount,Power-Gun,Electrical-Burn,Medium
299,9,Door-Mount,Power-Gun,Electrical-Burn,High
300,9,Accel-Pedal,Forklift,Electrical-Burn,Low
301,9,Accel-Pedal,Forklift,Electrical-Burn,Medium
302,9,Accel-Pedal,Forklift,Electrical-Burn,High
303,9,Accel-Pedal,Front-Right-Door,Electrical-Burn,Low
304,9,Accel-Pedal,Front-Right-Door,Electrical-Burn,Medium
305,9,Accel-Pedal,Front-Right-Door,Electrical-Burn,High
306,9,Accel-Pedal,Oil,Electrical-Burn,Low
307,9,Accel-Pedal,Oil,Electrical-Burn,Medium
308,9,Accel-Pedal,Oil,Electrical-Burn,High
309,9,Accel-Pedal,Power-Gun,Electrical-Burn,Low
310,9,Accel-Pedal,Power-Gun,Electrical-Burn,Medium
311,9,Accel-Pedal,Power-Gun,Electrical-Burn,High
312,9,Sun-Roof-Housing,Forklift,Electrical-Burn,Low
313,9,Sun-Roof-Housing,Forklift,Electrical-Burn,Medium
314,9,Sun-Roof-Housing,Forklift,Electrical-Burn,High
315,9,Sun-Roof-Housing,Front-Right-Door,Electrical-Burn,Low
316,9,Sun-Roof-Housing,Front-Right-Door,Electrical-Burn,Medium
317,9,Sun-Roof-Housing,Front-Right-Door,Electrical-Burn,High
318,9,Sun-Roof-Housing,Oil,Electrical-Burn,Low
319,9,Sun-Roof-Housing,Oil,Electrical-Burn,Medium
320,9,Sun-Roof-Housing,Oil,Electrical-Burn,High
321,9,Sun-Roof-Housing,Power-Gun,Electrical-Burn,Low
322,9,Sun-Roof-Housing,Power-Gun,Electrical-Burn,Medium
323,9,Sun-Roof-Housing,Power-Gun,Electrical-Burn,High
324,10,Door-Mount,Forklift,Electrical-Burn,Low
325,10,Door-Mount,Forklift,Electrical-Burn,Medium
326,10,Door-Mount,Forklift,Electrical-Burn,High
327,10,Door-Mount,Front-Right-Door,Electrical-Burn,Low
328,10,Door-Mount,Front-Right-Door,Electrical-Burn,Medium
329,10,Door-Mount,Front-Right-Door,Electrical-Burn,High
330,10,Door-Mount,Oil,Electrical-Burn,Low
331,10,Door-Mount,Oil,Electrical-Burn,Medium
332,10,Door-Mount,Oil,Electrical-Burn,High
333,10,Door-Mount,Power-Gun,Electrical-Burn,Low
334,10,Door-Mount,Power-Gun,Electrical-Burn,Medium
335,10,Door-Mount,Power-Gun,Electrical-Burn,High
336,10,Accel-Pedal,Forklift,Electrical-Burn,Low
337,10,Accel-Pedal,Forklift,Electrical-Burn,Medium
338,10,Accel-Pedal,Forklift,Electrical-Burn,High
339,10,Accel-Pedal,Front-Right-Door,Electrical-Burn,Low
340,10,Accel-Pedal,Front-Right-Door,Electrical-Burn,Medium
341,10,Accel-Pedal,Front-Right-Door,Electrical-Burn,High
342,10,Accel-Pedal,Oil,Electrical-Burn,Low
343,10,Accel-Pedal,Oil,Electrical-Burn,Medium
344,10,Accel-Pedal,Oil,Electrical-Burn,High
345,10,Accel-Pedal,Power-Gun,Electrical-Burn,Low
346,10,Accel-Pedal,Power-Gun,Electrical-Burn,Medium
347,10,Accel-Pedal,Power-Gun,Electrical-Burn,High
348,10,Sun-Roof-Housing,Forklift,Electrical-Burn,Low
349,10,Sun-Roof-Housing,Forklift,Electrical-Burn,Medium
350,10,Sun-Roof-Housing,Forklift,Electrical-Burn,High
351,10,Sun-Roof-Housing,Front-Right-Door,Electrical-Burn,Low
352,10,Sun-Roof-Housing,Front-Right-Door,Electrical-Burn,Medium
353,10,Sun-Roof-Housing,Front-Right-Door,Electrical-Burn,High
354,10,Sun-Roof-Housing,Oil,Electrical-Burn,Low
355,10,Sun-Roof-Housing,Oil,Electrical-Burn,Medium
356,10,Sun-Roof-Housing,Oil,Electrical-Burn,High
357,10,Sun-Roof-Housing,Power-Gun,Electrical-Burn,Low
358,10,Sun-Roof-Housing,Power-Gun,Electrical-Burn,Medium
359,10,Sun-Roof-Housing,Power-Gun,Electrical-Burn,High
360,11,Door-Mount,Forklift,Electrical-Burn,Low
361,11,Door-Mount,Forklift,Electrical-Burn,Medium
362,11,Door-Mount,Forklift,Electrical-Burn,High
363,11,Door-Mount,Front-Right-Door,Electrical-Burn,Low
364,11,Door-Mount,Front-Right-Door,Electrical-Burn,Medium
365,11,Door-Mount,Front-Right-Door,Electrical-Burn,High
366,11,Door-Mount,Oil,Electrical-Burn,Low
367,11,Door-Mount,Oil,Electrical-Burn,Medium
368,11,Door-Mount,Oil,Electrical-Burn,High
369,11,Door-Mount,Power-Gun,Electrical-Burn,Low
370,11,Door-Mount,Power-Gun,Electrical-Burn,Medium
371,11,Door-Mount,Power-Gun,Electrical-Burn,High
372,11,Accel-Pedal,Forklift,Electrical-Burn,Low
373,11,Accel-Pedal,Forklift,Electrical-Burn,Medium
374,11,Accel-Pedal,Forklift,Electrical-Burn,High
375,11,Accel-Pedal,Front-Right-Door,Electrical-Burn,Low
376,11,Accel-Pedal,Front-Right-Door,Electrical-Burn,Medium
377,11,Accel-Pedal,Front-Right-Door,Electrical-Burn,High
378,11,Accel-Pedal,Oil,Electrical-Burn,Low
379,11,Accel-Pedal,Oil,Electrical-Burn,Medium
380,11,Accel-Pedal,Oil,Electrical-Burn,High
381,11,Accel-Pedal,Power-Gun,Electrical-Burn,Low
382,11,Accel-Pedal,Power-Gun,Electrical-Burn,Medium
383,11,Accel-Pedal,Power-Gun,Electrical-Burn,High
384,11,Sun-Roof-Housing,Forklift,Electrical-Burn,Low
385,11,Sun-Roof-Housing,Forklift,Electrical-Burn,Medium
386,11,Sun-Roof-Housing,Forklift,Electrical-Burn,High
387,11,Sun-Roof-Housing,Front-Right-Door,Electrical-Burn,Low
388,11,Sun-Roof-Housing,Front-Right-Door,Electrical-Burn,Medium
389,11,Sun-Roof-Housing,Front-Right-Door,Electrical-Burn,High
390,11,Sun-Roof-Housing,Oil,Electrical-Burn,Low
391,11,Sun-Roof-Housing,Oil,Electrical-Burn,Medium
392,11,Sun-Roof-Housing,Oil,Electrical-Burn,High
393,11,Sun-Roof-Housing,Power-Gun,Electrical-Burn,Low
394,11,Sun-Roof-Housing,Power-Gun,Electrical-Burn,Medium
395,11,Sun-Roof-Housing,Power-Gun,Electrical-Burn,High
396,12,Door-Mount,Forklift,Electrical-Burn,Low
397,12,Door-Mount,Forklift,Electrical-Burn,Medium
398,12,Door-Mount,Forklift,Electrical-Burn,High
399,12,Door-Mount,Front-Right-Door,Electrical-Burn,Low
400,12,Door-Mount,Front-Right-Door,Electrical-Burn,Medium
401,12,Door-Mount,Front-Right-Door,Electrical-Burn,High
402,12,Door-Mount,Oil,Electrical-Burn,Low
403,12,Door-Mount,Oil,Electrical-Burn,Medium
404,12,Door-Mount,Oil,Electrical-Burn,High
405,12,Door-Mount,Power-Gun,Electrical-Burn,Low
406,12,Door-Mount,Power-Gun,Electrical-Burn,Medium
407,12,Door-Mount,Power-Gun,Electrical-Burn,High
408,12,Accel-Pedal,Forklift,Electrical-Burn,Low
409,12,Accel-Pedal,Forklift,Electrical-Burn,Medium
410,12,Accel-Pedal,Forklift,Electrical-Burn,High
411,12,Accel-Pedal,Front-Right-Door,Electrical-Burn,Low
412,12,Accel-Pedal,Front-Right-Door,Electrical-Burn,Medium
413,12,Accel-Pedal,Front-Right-Door,Electrical-Burn,High
414,12,Accel-Pedal,Oil,Electrical-Burn,Low
415,12,Accel-Pedal,Oil,Electrical-Burn,Medium
416,12,Accel-Pedal,Oil,Electrical-Burn,High
417,12,Accel-Pedal,Power-Gun,Electrical-Burn,Low
418,12,Accel-Pedal,Power-Gun,Electrical-Burn,Medium
419,12,Accel-Pedal,Power-Gun,Electrical-Burn,High
420,12,Sun-Roof-Housing,Forklift,Electrical-Burn,Low
421,12,Sun-Roof-Housing,Forklift,Electrical-Burn,Medium
422,12,Sun-Roof-Housing,Forklift,Electrical-Burn,High
423,12,Sun-Roof-Housing,Front-Right-Door,Electrical-Burn,Low
424,12,Sun-Roof-Housing,Front-Right-Door,Electrical-Burn,Medium
425,12,Sun-Roof-Housing,Front-Right-Door,Electrical-Burn,High
426,12,Sun-Roof-Housing,Oil,Electrical-Burn,Low
427,12,Sun-Roof-Housing,Oil,Electrical-Burn,Medium
428,12,Sun-Roof-Housing,Oil,Electrical-Burn,High
429,12,Sun-Roof-Housing,Power-Gun,Electrical-Burn,Low
430,12,Sun-Roof-Housing,Power-Gun,Electrical-Burn,Medium
431,12,Sun-Roof-Housing,Power-Gun,Electrical-Burn,High
432,13,Door-Mount,Forklift,Electrical-Burn,Low
433,13,Door-Mount,Forklift,Electrical-Burn,Medium
434,13,Door-Mount,Forklift,Electrical-Burn,High
435,13,Door-Mount,Front-Right-Door,Electrical-Burn,Low
436,13,Door-Mount,Front-Right-Door,Electrical-Burn,Medium
437,13,Door-Mount,Front-Right-Door,Electrical-Burn,High
438,13,Door-Mount,Oil,Electrical-Burn,Low
439,13,Door-Mount,Oil,Electrical-Burn,Medium
440,13,Door-Mount,Oil,Electrical-Burn,High
441,13,Door-Mount,Power-Gun,Electrical-Burn,Low
442,13,Door-Mount,Power-Gun,Electrical-Burn,Medium
443,13,Door-Mount,Power-Gun,Electrical-Burn,High
444,13,Accel-Pedal,Forklift,Electrical-Burn,Low
445,13,Accel-Pedal,Forklift,Electrical-Burn,Medium
446,13,Accel-Pedal,Forklift,Electrical-Burn,High
447,13,Accel-Pedal,Front-Right-Door,Electrical-Burn,Low
448,13,Accel-Pedal,Front-Right-Door,Electrical-Burn,Medium
449,13,Accel-Pedal,Front-Right-Door,Electrical-Burn,High
450,13,Accel-Pedal,Oil,Electrical-Burn,Low
451,13,Accel-Pedal,Oil,Electrical-Burn,Medium
452,13,Accel-Pedal,Oil,Electrical-Burn,High
453,13,Accel-Pedal,Power-Gun,Electrical-Burn,Low
454,13,Accel-Pedal,Power-Gun,Electrical-Burn,Medium
455,13,Accel-Pedal,Power-Gun,Electrical-Burn,High
456,13,Sun-Roof-Housing,Forklift,Electrical-Burn,Low
457,13,Sun-Roof-Housing,Forklift,Electrical-Burn,Medium
458,13,Sun-Roof-Housing,Forklift,Electrical-Burn,High
459,13,Sun-Roof-Housing,Front-Right-Door,Electrical-Burn,Low
460,13,Sun-Roof-Housing,Front-Right-Door,Electrical-Burn,Medium
461,13,Sun-Roof-Housing,Front-Right-Door,Electrical-Burn,High
462,13,Sun-Roof-Housing,Oil,Electrical-Burn,Low
463,13,Sun-Roof-Housing,Oil,Electrical-Burn,Medium
464,13,Sun-Roof-Housing,Oil,Electrical-Burn,High
465,13,Sun-Roof-Housing,Power-Gun,Electrical-Burn,Low
466,13,Sun-Roof-Housing,Power-Gun,Electrical-Burn,Medium
467,13,Sun-Roof-Housing,Power-Gun,Electrical-Burn,High
468,14,Door-Mount,Forklift,Electrical-Burn,Low
469,14,Door-Mount,Forklift,Electrical-Burn,Medium
470,14,Door-Mount,Forklift,Electrical-Burn,High
471,14,Door-Mount,Front-Right-Door,Electrical-Burn,Low
472,14,Door-Mount,Front-Right-Door,Electrical-Burn,Medium
473,14,Door-Mount,Front-Right-Door,Electrical-Burn,High
474,14,Door-Mount,Oil,Electrical-Burn,Low
475,14,Door-Mount,Oil,Electrical-Burn,Medium
476,14,Door-Mount,Oil,Electrical-Burn,High
477,14,Door-Mount,Power-Gun,Electrical-Burn,Low
478,14,Door-Mount,Power-Gun,Electrical-Burn,Medium
479,14,Door-Mount,Power-Gun,Electrical-Burn,High
480,14,Accel-Pedal,Forklift,Electrical-Burn,Low
481,14,Accel-Pedal,Forklift,Electrical-Burn,Medium
482,14,Accel-Pedal,Forklift,Electrical-Burn,High
483,14,Accel-Pedal,Front-Right-Door,Electrical-Burn,Low
484,14,Accel-Pedal,Front-Right-Door,Electrical-Burn,Medium
485,14,Accel-Pedal,Front-Right-Door,Electrical-Burn,High
486,14,Accel-Pedal,Oil,Electrical-Burn,Low
487,14,Accel-Pedal,Oil,Electrical-Burn,Medium
488,14,Accel-Pedal,Oil,Electrical-Burn,High
489,14,Accel-Pedal,Power-Gun,Electrical-Burn,Low
490,14,Accel-Pedal,Power-Gun,Electrical-Burn,Medium
491,14,Accel-Pedal,Power-Gun,Electrical-Burn,High
492,14,Sun-Roof-Housing,Forklift,Electrical-Burn,Low
493,14,Sun-Roof-Housing,Forklift,Electrical-Burn,Medium
494,14,Sun-Roof-Housing,Forklift,Electrical-Burn,High
495,14,Sun-Roof-Housing,Front-Right-Door,Electrical-Burn,Low
496,14,Sun-Roof-Housing,Front-Right-Door,Electrical-Burn,Medium
497,14,Sun-Roof-Housing,Front-Right-Door,Electrical-Burn,High
498,14,Sun-Roof-Housing,Oil,Electrical-Burn,Low
499,14,Sun-Roof-Housing,Oil,Electrical-Burn,Medium
500,14,Sun-Roof-Housing,Oil,Electrical-Burn,High
501,14,Sun-Roof-Housing,Power-Gun,Electrical-Burn,Low
502,14,Sun-Roof-Housing,Power-Gun,Electrical-Burn,Medium
503,14,Sun-Roof-Housing,Power-Gun,Electrical-Burn,High
504,15,Door-Mount,Forklift,Electrical-Burn,Low
505,15,Door-Mount,Forklift,Electrical-Burn,Medium
506,15,Door-Mount,Forklift,Electrical-Burn,High
507,15,Door-Mount,Front-Right-Door,Electrical-Burn,Low
508,15,Door-Mount,Front-Right-Door,Electrical-Burn,Medium
509,15,Door-Mount,Front-Right-Door,Electrical-Burn,High
510,15,Door-Mount,Oil,Electrical-Burn,Low
511,15,Door-Mount,Oil,Electrical-Burn,Medium
512,15,Door-Mount,Oil,Electrical-Burn,High
513,15,Door-Mount,Power-Gun,Electrical-Burn,Low
514,15,Door-Mount,Power-Gun,Electrical-Burn,Medium
515,15,Door-Mount,Power-Gun,Electrical-Burn,High
516,15,Accel-Pedal,Forklift,Electrical-Burn,Low
517,15,Accel-Pedal,Forklift,Electrical-Burn,Medium
518,15,Accel-Pedal,Forklift,Electrical-Burn,High
519,15,Accel-Pedal,Front-Right-Door,Electrical-Burn,Low
520,15,Accel-Pedal,Front-Right-Door,Electrical-Burn,Medium
521,15,Accel-Pedal,Front-Right-Door,Electrical-Burn,High
522,15,Accel-Pedal,Oil,Electrical-Burn,Low
523,15,Accel-Pedal,Oil,Electrical-Burn,Medium
524,15,Accel-Pedal,Oil,Electrical-Burn,High
525,15,Accel-Pedal,Power-Gun,Electrical-Burn,Low
526,15,Accel-Pedal,Power-Gun,Electrical-Burn,Medium
527,15,Accel-Pedal,Power-Gun,Electrical-Burn,High
528,15,Sun-Roof-Housing,Forklift,Electrical-Burn,Low
529,15,Sun-Roof-Housing,Forklift,Electrical-Burn,Medium
530,15,Sun-Roof-Housing,Forklift,Electrical-Burn,High
531,15,Sun-Roof-Housing,Front-Right-Door,Electrical-Burn,Low
532,15,Sun-Roof-Housing,Front-Right-Door,Electrical-Burn,Medium
533,15,Sun-Roof-Housing,Front-Right-Door,Electrical-Burn,High
534,15,Sun-Roof-Housing,Oil,Electrical-Burn,Low
535,15,Sun-Roof-Housing,Oil,Electrical-Burn,Medium
536,15,Sun-Roof-Housing,Oil,Electrical-Burn,High
537,15,Sun-Roof-Housing,Power-Gun,Electrical-Burn,Low
538,15,Sun-Roof-Housing,Power-Gun,Electrical-Burn,Medium
539,15,Sun-Roof-Housing,Power-Gun,Electrical-Burn,High
540,16,Door-Mount,Forklift,Electrical-Burn,Low
541,16,Door-Mount,Forklift,Electrical-Burn,Medium
542,16,Door-Mount,Forklift,Electrical-Burn,High
543,16,Door-Mount,Front-Right-Door,Electrical-Burn,Low
544,16,Door-Mount,Front-Right-Door,Electrical-Burn,Medium
545,16,Door-Mount,Front-Right-Door,Electrical-Burn,High
546,16,Door-Mount,Oil,Electrical-Burn,Low
547,16,Door-Mount,Oil,Electrical-Burn,Medium
548,16,Door-Mount,Oil,Electrical-Burn,High
549,16,Door-Mount,Power-Gun,Electrical-Burn,Low
550,16,Door-Mount,Power-Gun,Electrical-Burn,Medium
551,16,Door-Mount,Power-Gun,Electrical-Burn,High
552,16,Accel-Pedal,Forklift,Electrical-Burn,Low
553,16,Accel-Pedal,Forklift,Electrical-Burn,Medium
554,16,Accel-Pedal,Forklift,Electrical-Burn,High
555,16,Accel-Pedal,Front-Right-Door,Electrical-Burn,Low
556,16,Accel-Pedal,Front-Right-Door,Electrical-Burn,Medium
557,16,Accel-Pedal,Front-Right-Door,Electrical-Burn,High
558,16,Accel-Pedal,Oil,Electrical-Burn,Low
559,16,Accel-Pedal,Oil,Electrical-Burn,Medium
560,16,Accel-Pedal,Oil,Electrical-Burn,High
561,16,Accel-Pedal,Power-Gun,Electrical-Burn,Low
562,16,Accel-Pedal,Power-Gun,Electrical-Burn,Medium
563,16,Accel-Pedal,Power-Gun,Electrical-Burn,High
564,16,Sun-Roof-Housing,Forklift,Electrical-Burn,Low
565,16,Sun-Roof-Housing,Forklift,Electrical-Burn,Medium
566,16,Sun-Roof-Housing,Forklift,Electrical-Burn,High
567,16,Sun-Roof-Housing,Front-Right-Door,Electrical-Burn,Low
568,16,Sun-Roof-Housing,Front-Right-Door,Electrical-Burn,Medium
569,16,Sun-Roof-Housing,Front-Right-Door,Electrical-Burn,High
570,16,Sun-Roof-Housing,Oil,Electrical-Burn,Low
571,16,Sun-Roof-Housing,Oil,Electrical-Burn,Medium
572,16,Sun-Roof-Housing,Oil,Electrical-Burn,High
573,16,Sun-Roof-Housing,Power-Gun,Electrical-Burn,Low
574,16,Sun-Roof-Housing,Power-Gun,Electrical-Burn,Medium
575,16,Sun-Roof-Housing,Power-Gun,Electrical-Burn,High
576,17,Door-Mount,Forklift,Electrical-Burn,Low
577,17,Door-Mount,Forklift,Electrical-Burn,Medium
578,17,Door-Mount,Forklift,Electrical-Burn,High
579,17,Door-Mount,Front-Right-Door,Electrical-Burn,Low
580,17,Door-Mount,Front-Right-Door,Electrical-Burn,Medium
581,17,Door-Mount,Front-Right-Door,Electrical-Burn,High
582,17,Door-Mount,Oil,Electrical-Burn,Low
583,17,Door-Mount,Oil,Electrical-Burn,Medium
584,17,Door-Mount,Oil,Electrical-Burn,High
585,17,Door-Mount,Power-Gun,Electrical-Burn,Low
586,17,Door-Mount,Power-Gun,Electrical-Burn,Medium
587,17,Door-Mount,Power-Gun,Electrical-Burn,High
588,17,Accel-Pedal,Forklift,Electrical-Burn,Low
589,17,Accel-Pedal,Forklift,Electrical-Burn,Medium
590,17,Accel-Pedal,Forklift,Electrical-Burn,High
591,17,Accel-Pedal,Front-Right-Door,Electrical-Burn,Low
592,17,Accel-Pedal,Front-Right-Door,Electrical-Burn,Medium
593,17,Accel-Pedal,Front-Right-Door,Electrical-Burn,High
594,17,Accel-Pedal,Oil,Electrical-Burn,Low
595,17,Accel-Pedal,Oil,Electrical-Burn,Medium
596,17,Accel-Pedal,Oil,Electrical-Burn,High
597,17,Accel-Pedal,Power-Gun,Electrical-Burn,Low
598,17,Accel-Pedal,Power-Gun,Electrical-Burn,Medium
599,17,Accel-Pedal,Power-Gun,Electrical-Burn,High
600,17,Sun-Roof-Housing,Forklift,Electrical-Burn,Low
601,17,Sun-Roof-Housing,Forklift,Electrical-Burn,Medium
602,17,Sun-Roof-Housing,Forklift,Electrical-Burn,High
603,17,Sun-Roof-Housing,Front-Right-Door,Electrical-Burn,Low
604,17,Sun-Roof-Housing,Front-Right-Door,Electrical-Burn,Medium
605,17,Sun-Roof-Housing,Front-Right-Door,Electrical-Burn,High
606,17,Sun-Roof-Housing,Oil,Electrical-Burn,Low
607,17,Sun-Roof-Housing,Oil,Electrical-Burn,Medium
608,17,Sun-Roof-Housing,Oil,Electrical-Burn,High
609,17,Sun-Roof-Housing,Power-Gun,Electrical-Burn,Low
610,17,Sun-Roof-Housing,Power-Gun,Electrical-Burn,Medium
611,17,Sun-Roof-Housing,Power-Gun,Electrical-Burn,High
612,18,Door-Mount,Forklift,Electrical-Burn,Low
613,18,Door-Mount,Forklift,Electrical-Burn,Medium
614,18,Door-Mount,Forklift,Electrical-Burn,High
615,18,Door-Mount,Front-Right-Door,Electrical-Burn,Low
616,18,Door-Mount,Front-Right-Door,Electrical-Burn,Medium
617,18,Door-Mount,Front-Right-Door,Electrical-Burn,High
618,18,Door-Mount,Oil,Electrical-Burn,Low
619,18,Door-Mount,Oil,Electrical-Burn,Medium
620,18,Door-Mount,Oil,Electrical-Burn,High
621,18,Door-Mount,Power-Gun,Electrical-Burn,Low
622,18,Door-Mount,Power-Gun,Electrical-Burn,Medium
623,18,Door-Mount,Power-Gun,Electrical-Burn,High
624,18,Accel-Pedal,Forklift,Electrical-Burn,Low
625,18,Accel-Pedal,Forklift,Electrical-Burn,Medium
626,18,Accel-Pedal,Forklift,Electrical-Burn,High
627,18,Accel-Pedal,Front-Right-Door,Electrical-Burn,Low
628,18,Accel-Pedal,Front-Right-Door,Electrical-Burn,Medium
629,18,Accel-Pedal,Front-Right-Door,Electrical-Burn,High
630,18,Accel-Pedal,Oil,Electrical-Burn,Low
631,18,Accel-Pedal,Oil,Electrical-Burn,Medium
632,18,Accel-Pedal,Oil,Electrical-Burn,High
633,18,Accel-Pedal,Power-Gun,Electrical-Burn,Low
634,18,Accel-Pedal,Power-Gun,Electrical-Burn,Medium
635,18,Accel-Pedal,Power-Gun,Electrical-Burn,High
636,18,Sun-Roof-Housing,Forklift,Electrical-Burn,Low
637,18,Sun-Roof-Housing,Forklift,Electrical-Burn,Medium
638,18,Sun-Roof-Housing,Forklift,Electrical-Burn,High
639,18,Sun-Roof-Housing,Front-Right-Door,Electrical-Burn,Low
640,18,Sun-Roof-Housing,Front-Right-Door,Electrical-Burn,Medium
641,18,Sun-Roof-Housing,Front-Right-Door,Electrical-Burn,High
642,18,Sun-Roof-Housing,Oil,Electrical-Burn,Low
643,18,Sun-Roof-Housing,Oil,Electrical-Burn,Medium
644,18,Sun-Roof-Housing,Oil,Electrical-Burn,High
645,18,Sun-Roof-Housing,Power-Gun,Electrical-Burn,Low
646,18,Sun-Roof-Housing,Power-Gun,Electrical-Burn,Medium
647,18,Sun-Roof-Housing,Power-Gun,Electrical-Burn,High
648,19,Door-Mount,Forklift,Electrical-Burn,Low
649,19,Door-Mount,Forklift,Electrical-Burn,Medium
650,19,Door-Mount,Forklift,Electrical-Burn,High
651,19,Door-Mount,Front-Right-Door,Electrical-Burn,Low
652,19,Door-Mount,Front-Right-Door,Electrical-Burn,Medium
653,19,Door-Mount,Front-Right-Door,Electrical-Burn,High
654,19,Door-Mount,Oil,Electrical-Burn,Low
655,19,Door-Mount,Oil,Electrical-Burn,Medium
656,19,Door-Mount,Oil,Electrical-Burn,High
657,19,Door-Mount,Power-Gun,Electrical-Burn,Low
658,19,Door-Mount,Power-Gun,Electrical-Burn,Medium
659,19,Door-Mount,Power-Gun,Electrical-Burn,High
660,19,Accel-Pedal,Forklift,Electrical-Burn,Low
661,19,Accel-Pedal,Forklift,Electrical-Burn,Medium
662,19,Accel-Pedal,Forklift,Electrical-Burn,High
663,19,Accel-Pedal,Front-Right-Door,Electrical-Burn,Low
664,19,Accel-Pedal,Front-Right-Door,Electrical-Burn,Medium
665,19,Accel-Pedal,Front-Right-Door,Electrical-Burn,High
666,19,Accel-Pedal,Oil,Electrical-Burn,Low
667,19,Accel-Pedal,Oil,Electrical-Burn,Medium
668,19,Accel-Pedal,Oil,Electrical-Burn,High
669,19,Accel-Pedal,Power-Gun,Electrical-Burn,Low
670,19,Accel-Pedal,Power-Gun,Electrical-Burn,Medium
671,19,Accel-Pedal,Power-Gun,Electrical-Burn,High
672,19,Sun-Roof-Housing,Forklift,Electrical-Burn,Low
673,19,Sun-Roof-Housing,Forklift,Electrical-Burn,Medium
674,19,Sun-Roof-Housing,Forklift,Electrical-Burn,High
675,19,Sun-Roof-Housing,Front-Right-Door,Electrical-Burn,Low
676,19,Sun-Roof-Housing,Front-Right-Door,Electrical-Burn,Medium
677,19,Sun-Roof-Housing,Front-Right-Door,Electrical-Burn,High
678,19,Sun-Roof-Housing,Oil,Electrical-Burn,Low
679,19,Sun-Roof-Housing,Oil,Electrical-Burn,Medium
680,19,Sun-Roof-Housing,Oil,Electrical-Burn,High
681,19,Sun-Roof-Housing,Power-Gun,Electrical-Burn,Low
682,19,Sun-Roof-Housing,Power-Gun,Electrical-Burn,Medium
683,19,Sun-Roof-Housing,Power-Gun,Electrical-Burn,High
684,20,Door-Mount,Forklift,Electrical-Burn,Low
685,20,Door-Mount,Forklift,Electrical-Burn,Medium
686,20,Door-Mount,Forklift,Electrical-Burn,High
687,20,Door-Mount,Front-Right-Door,Electrical-Burn,Low
688,20,Door-Mount,Front-Right-Door,Electrical-Burn,Medium
689,20,Door-Mount,Front-Right-Door,Electrical-Burn,High
690,20,Door-Mount,Oil,Electrical-Burn,Low
691,20,Door-Mount,Oil,Electrical-Burn,Medium
692,20,Door-Mount,Oil,Electrical-Burn,High
693,20,Door-Mount,Power-Gun,Electrical-Burn,Low
694,20,Door-Mount,Power-Gun,Electrical-Burn,Medium
695,20,Door-Mount,Power-Gun,Electrical-Burn,High
696,20,Accel-Pedal,Forklift,Electrical-Burn,Low
697,20,Accel-Pedal,Forklift,Electrical-Burn,Medium
698,20,Accel-Pedal,Forklift,Electrical-Burn,High
699,20,Accel-Pedal,Front-Right-Door,Electrical-Burn,Low
700,20,Accel-Pedal,Front-Right-Door,Electrical-Burn,Medium
701,20,Accel-Pedal,Front-Right-Door,Electrical-Burn,High
702,20,Accel-Pedal,Oil,Electrical-Burn,Low
703,20,Accel-Pedal,Oil,Electrical-Burn,Medium
704,20,Accel-Pedal,Oil,Electrical-Burn,High
705,20,Accel-Pedal,Power-Gun,Electrical-Burn,Low
706,20,Accel-Pedal,Power-Gun,Electrical-Burn,Medium
707,20,Accel-Pedal,Power-Gun,Electrical-Burn,High
708,20,Sun-Roof-Housing,Forklift,Electrical-Burn,Low
709,20,Sun-Roof-Housing,Forklift,Electrical-Burn,Medium
710,20,Sun-Roof-Housing,Forklift,Electrical-Burn,High
711,20,Sun-Roof-Housing,Front-Right-Door,Electrical-Burn,Low
712,20,Sun-Roof-Housing,Front-Right-Door,Electrical-Burn,Medium
713,20,Sun-Roof-Housing,Front-Right-Door,Electrical-Burn,High
714,20,Sun-Roof-Housing,Oil,Electrical-Burn,Low
715,20,Sun-Roof-Housing,Oil,Electrical-Burn,Medium
716,20,Sun-Roof-Housing,Oil,Electrical-Burn,High
717,20,Sun-Roof-Housing,Power-Gun,Electrical-Burn,Low
718,20,Sun-Roof-Housing,Power-Gun,Electrical-Burn,Medium
719,20,Sun-Roof-Housing,Power-Gun,Electrical-Burn,High
720,21,Door-Mount,Forklift,Electrical-Burn,Low
721,21,Door-Mount,Forklift,Electrical-Burn,Medium
722,21,Door-Mount,Forklift,Electrical-Burn,High
723,21,Door-Mount,Front-Right-Door,Electrical-Burn,Low
724,21,Door-Mount,Front-Right-Door,Electrical-Burn,Medium
725,21,Door-Mount,Front-Right-Door,Electrical-Burn,High
726,21,Door-Mount,Oil,Electrical-Burn,Low
727,21,Door-Mount,Oil,Electrical-Burn,Medium
728,21,Door-Mount,Oil,Electrical-Burn,High
729,21,Door-Mount,Power-Gun,Electrical-Burn,Low
730,21,Door-Mount,Power-Gun,Electrical-Burn,Medium
731,21,Door-Mount,Power-Gun,Electrical-Burn,High
732,21,Accel-Pedal,Forklift,Electrical-Burn,Low
733,21,Accel-Pedal,Forklift,Electrical-Burn,Medium
734,21,Accel-Pedal,Forklift,Electrical-Burn,High
735,21,Accel-Pedal,Front-Right-Door,Electrical-Burn,Low
736,21,Accel-Pedal,Front-Right-Door,Electrical-Burn,Medium
737,21,Accel-Pedal,Front-Right-Door,Electrical-Burn,High
738,21,Accel-Pedal,Oil,Electrical-Burn,Low
739,21,Accel-Pedal,Oil,Electrical-Burn,Medium
740,21,Accel-Pedal,Oil,Electrical-Burn,High
741,21,Accel-Pedal,Power-Gun,Electrical-Burn,Low
742,21,Accel-Pedal,Power-Gun,Electrical-Burn,Medium
743,21,Accel-Pedal,Power-Gun,Electrical-Burn,High
744,21,Sun-Roof-Housing,Forklift,Electrical-Burn,Low
745,21,Sun-Roof-Housing,Forklift,Electrical-Burn,Medium
746,21,Sun-Roof-Housing,Forklift,Electrical-Burn,High
747,21,Sun-Roof-Housing,Front-Right-Door,Electrical-Burn,Low
748,21,Sun-Roof-Housing,Front-Right-Door,Electrical-Burn,Medium
749,21,Sun-Roof-Housing,Front-Right-Door,Electrical-Burn,High
750,21,Sun-Roof-Housing,Oil,Electrical-Burn,Low
751,21,Sun-Roof-Housing,Oil,Electrical-Burn,Medium
752,21,Sun-Roof-Housing,Oil,Electrical-Burn,High
753,21,Sun-Roof-Housing,Power-Gun,Electrical-Burn,Low
754,21,Sun-Roof-Housing,Power-Gun,Electrical-Burn,Medium
755,21,Sun-Roof-Housing,Power-Gun,Electrical-Burn,High
756,22,Door-Mount,Forklift,Electrical-Burn,Low
757,22,Door-Mount,Forklift,Electrical-Burn,Medium
758,22,Door-Mount,Forklift,Electrical-Burn,High
759,22,Door-Mount,Front-Right-Door,Electrical-Burn,Low
760,22,Door-Mount,Front-Right-Door,Electrical-Burn,Medium
761,22,Door-Mount,Front-Right-Door,Electrical-Burn,High
762,22,Door-Mount,Oil,Electrical-Burn,Low
763,22,Door-Mount,Oil,Electrical-Burn,Medium
764,22,Door-Mount,Oil,Electrical-Burn,High
765,22,Door-Mount,Power-Gun,Electrical-Burn,Low
766,22,Door-Mount,Power-Gun,Electrical-Burn,Medium
767,22,Door-Mount,Power-Gun,Electrical-Burn,High
768,22,Accel-Pedal,Forklift,Electrical-Burn,Low
769,22,Accel-Pedal,Forklift,Electrical-Burn,Medium
770,22,Accel-Pedal,Forklift,Electrical-Burn,High
771,22,Accel-Pedal,Front-Right-Door,Electrical-Burn,Low
772,22,Accel-Pedal,Front-Right-Door,Electrical-Burn,Medium
773,22,Accel-Pedal,Front-Right-Door,Electrical-Burn,High
774,22,Accel-Pedal,Oil,Electrical-Burn,Low
775,22,Accel-Pedal,Oil,Electrical-Burn,Medium
776,22,Accel-Pedal,Oil,Electrical-Burn,High
777,22,Accel-Pedal,Power-Gun,Electrical-Burn,Low
778,22,Accel-Pedal,Power-Gun,Electrical-Burn,Medium
779,22,Accel-Pedal,Power-Gun,Electrical-Burn,High
780,22,Sun-Roof-Housing,Forklift,Electrical-Burn,Low
781,22,Sun-Roof-Housing,Forklift,Electrical-Burn,Medium
782,22,Sun-Roof-Housing,Forklift,Electrical-Burn,High
783,22,Sun-Roof-Housing,Front-Right-Door,Electrical-Burn,Low
784,22,Sun-Roof-Housing,Front-Right-Door,Electrical-Burn,Medium
785,22,Sun-Roof-Housing,Front-Right-Door,Electrical-Burn,High
786,22,Sun-Roof-Housing,Oil,Electrical-Burn,Low
787,22,Sun-Roof-Housing,Oil,Electrical-Burn,Medium
788,22,Sun-Roof-Housing,Oil,Electrical-Burn,High
789,22,Sun-Roof-Housing,Power-Gun,Electrical-Burn,Low
790,22,Sun-Roof-Housing,Power-Gun,Electrical-Burn,Medium
791,22,Sun-Roof-Housing,Power-Gun,Electrical-Burn,High
792,23,Door-Mount,Forklift,Electrical-Burn,Low
793,23,Door-Mount,Forklift,Electrical-Burn,Medium
794,23,Door-Mount,Forklift,Electrical-Burn,High
795,23,Door-Mount,Front-Right-Door,Electrical-Burn,Low
796,23,Door-Mount,Front-Right-Door,Electrical-Burn,Medium
797,23,Door-Mount,Front-Right-Door,Electrical-Burn,High
798,23,Door-Mount,Oil,Electrical-Burn,Low
799,23,Door-Mount,Oil,Electrical-Burn,Medium
800,23,Door-Mount,Oil,Electrical-Burn,High
801,23,Door-Mount,Power-Gun,Electrical-Burn,Low
802,23,Door-Mount,Power-Gun,Electrical-Burn,Medium
803,23,Door-Mount,Power-Gun,Electrical-Burn,High
804,23,Accel-Pedal,Forklift,Electrical-Burn,Low
805,23,Accel-Pedal,Forklift,Electrical-Burn,Medium
806,23,Accel-Pedal,Forklift,Electrical-Burn,High
807,23,Accel-Pedal,Front-Right-Door,Electrical-Burn,Low
808,23,Accel-Pedal,Front-Right-Door,Electrical-Burn,Medium
809,23,Accel-Pedal,Front-Right-Door,Electrical-Burn,High
810,23,Accel-Pedal,Oil,Electrical-Burn,Low
811,23,Accel-Pedal,Oil,Electrical-Burn,Medium
812,23,Accel-Pedal,Oil,Electrical-Burn,High
813,23,Accel-Pedal,Power-Gun,Electrical-Burn,Low
814,23,Accel-Pedal,Power-Gun,Electrical-Burn,Medium
815,23,Accel-Pedal,Power-Gun,Electrical-Burn,High
816,23,Sun-Roof-Housing,Forklift,Electrical-Burn,Low
817,23,Sun-Roof-Housing,Forklift,Electrical-Burn,Medium
818,23,Sun-Roof-Housing,Forklift,Electrical-Burn,High
819,23,Sun-Roof-Housing,Front-Right-Door,Electrical-Burn,Low
820,23,Sun-Roof-Housing,Front-Right-Door,Electrical-Burn,Medium
821,23,Sun-Roof-Housing,Front-Right-Door,Electrical-Burn,High
822,23,Sun-Roof-Housing,Oil,Electrical-Burn,Low
823,23,Sun-Roof-Housing,Oil,Electrical-Burn,Medium
824,23,Sun-Roof-Housing,Oil,Electrical-Burn,High
825,23,Sun-Roof-Housing,Power-Gun,Electrical-Burn,Low
826,23,Sun-Roof-Housing,Power-Gun,Electrical-Burn,Medium
827,23,Sun-Roof-Housing,Power-Gun,Electrical-Burn,High
828,24,Door-Mount,Forklift,Electrical-Burn,Low
829,24,Door-Mount,Forklift,Electrical-Burn,Medium
830,24,Door-Mount,Forklift,Electrical-Burn,High
831,24,Door-Mount,Front-Right-Door,Electrical-Burn,Low
832,24,Door-Mount,Front-Right-Door,Electrical-Burn,Medium
833,24,Door-Mount,Front-Right-Door,Electrical-Burn,High
834,24,Door-Mount,Oil,Electrical-Burn,Low
835,24,Door-Mount,Oil,Electrical-Burn,Medium
836,24,Door-Mount,Oil,Electrical-Burn,High
837,24,Door-Mount,Power-Gun,Electrical-Burn,Low
838,24,Door-Mount,Power-Gun,Electrical-Burn,Medium
839,24,Door-Mount,Power-Gun,Electrical-Burn,High
840,24,Accel-Pedal,Forklift,Electrical-Burn,Low
841,24,Accel-Pedal,Forklift,Electrical-Burn,Medium
842,24,Accel-Pedal,Forklift,Electrical-Burn,High
843,24,Accel-Pedal,Front-Right-Door,Electrical-Burn,Low
844,24,Accel-Pedal,Front-Right-Door,Electrical-Burn,Medium
845,24,Accel-Pedal,Front-Right-Door,Electrical-Burn,High
846,24,Accel-Pedal,Oil,Electrical-Burn,Low
847,24,Accel-Pedal,Oil,Electrical-Burn,Medium
848,24,Accel-Pedal,Oil,Electrical-Burn,High
849,24,Accel-Pedal,Power-Gun,Electrical-Burn,Low
850,24,Accel-Pedal,Power-Gun,Electrical-Burn,Medium
851,24,Accel-Pedal,Power-Gun,Electrical-Burn,High
852,24,Sun-Roof-Housing,Forklift,Electrical-Burn,Low
853,24,Sun-Roof-Housing,Forklift,Electrical-Burn,Medium
854,24,Sun-Roof-Housing,Forklift,Electrical-Burn,High
855,24,Sun-Roof-Housing,Front-Right-Door,Electrical-Burn,Low
856,24,Sun-Roof-Housing,Front-Right-Door,Electrical-Burn,Medium
857,24,Sun-Roof-Housing,Front-Right-Door,Electrical-Burn,High
858,24,Sun-Roof-Housing,Oil,Electrical-Burn,Low
859,24,Sun-Roof-Housing,Oil,Electrical-Burn,Medium
860,24,Sun-Roof-Housing,Oil,Electrical-Burn,High
861,24,Sun-Roof-Housing,Power-Gun,Electrical-Burn,Low
862,24,Sun-Roof-Housing,Power-Gun,Electrical-Burn,Medium
863,24,Sun-Roof-Housing,Power-Gun,Electrical-Burn,High
864,25,Door-Mount,Forklift,Electrical-Burn,Low
865,25,Door-Mount,Forklift,Electrical-Burn,Medium
866,25,Door-Mount,Forklift,Electrical-Burn,High
867,25,Door-Mount,Front-Right-Door,Electrical-Burn,Low
868,25,Door-Mount,Front-Right-Door,Electrical-Burn,Medium
869,25,Door-Mount,Front-Right-Door,Electrical-Burn,High
870,25,Door-Mount,Oil,Electrical-Burn,Low
871,25,Door-Mount,Oil,Electrical-Burn,Medium
872,25,Door-Mount,Oil,Electrical-Burn,High
873,25,Door-Mount,Power-Gun,Electrical-Burn,Low
874,25,Door-Mount,Power-Gun,Electrical-Burn,Medium
875,25,Door-Mount,Power-Gun,Electrical-Burn,High
876,25,Accel-Pedal,Forklift,Electrical-Burn,Low
877,25,Accel-Pedal,Forklift,Electrical-Burn,Medium
878,25,Accel-Pedal,Forklift,Electrical-Burn,High
879,25,Accel-Pedal,Front-Right-Door,Electrical-Burn,Low
880,25,Accel-Pedal,Front-Right-Door,Electrical-Burn,Medium
881,25,Accel-Pedal,Front-Right-Door,Electrical-Burn,High
882,25,Accel-Pedal,Oil,Electrical-Burn,Low
883,25,Accel-Pedal,Oil,Electrical-Burn,Medium
884,25,Accel-Pedal,Oil,Electrical-Burn,High
885,25,Accel-Pedal,Power-Gun,Electrical-Burn,Low
886,25,Accel-Pedal,Power-Gun,Electrical-Burn,Medium
887,25,Accel-Pedal,Power-Gun,Electrical-Burn,High
888,25,Sun-Roof-Housing,Forklift,Electrical-Burn,Low
889,25,Sun-Roof-Housing,Forklift,Electrical-Burn,Medium
890,25,Sun-Roof-Housing,Forklift,Electrical-Burn,High
891,25,Sun-Roof-Housing,Front-Right-Door,Electrical-Burn,Low
892,25,Sun-Roof-Housing,Front-Right-Door,Electrical-Burn,Medium
893,25,Sun-Roof-Housing,Front-Right-Door,Electrical-Burn,High
894,25,Sun-Roof-Housing,Oil,Electrical-Burn,Low
895,25,Sun-Roof-Housing,Oil,Electrical-Burn,Medium
896,25,Sun-Roof-Housing,Oil,Electrical-Burn,High
897,25,Sun-Roof-Housing,Power-Gun,Electrical-Burn,Low
898,25,Sun-Roof-Housing,Power-Gun,Electrical-Burn,Medium
899,25,Sun-Roof-Housing,Power-Gun,Electrical-Burn,High
900,26,Door-Mount,Forklift,Electrical-Burn,Low
901,26,Door-Mount,Forklift,Electrical-Burn,Medium
902,26,Door-Mount,Forklift,Electrical-Burn,High
903,26,Door-Mount,Front-Right-Door,Electrical-Burn,Low
904,26,Door-Mount,Front-Right-Door,Electrical-Burn,Medium
905,26,Door-Mount,Front-Right-Door,Electrical-Burn,High
906,26,Door-Mount,Oil,Electrical-Burn,Low
907,26,Door-Mount,Oil,Electrical-Burn,Medium
908,26,Door-Mount,Oil,Electrical-Burn,High
909,26,Door-Mount,Power-Gun,Electrical-Burn,Low
910,26,Door-Mount,Power-Gun,Electrical-Burn,Medium
911,26,Door-Mount,Power-Gun,Electrical-Burn,High
912,26,Accel-Pedal,Forklift,Electrical-Burn,Low
913,26,Accel-Pedal,Forklift,Electrical-Burn,Medium
914,26,Accel-Pedal,Forklift,Electrical-Burn,High
915,26,Accel-Pedal,Front-Right-Door,Electrical-Burn,Low
916,26,Accel-Pedal,Front-Right-Door,Electrical-Burn,Medium
917,26,Accel-Pedal,Front-Right-Door,Electrical-Burn,High
918,26,Accel-Pedal,Oil,Electrical-Burn,Low
919,26,Accel-Pedal,Oil,Electrical-Burn,Medium
920,26,Accel-Pedal,Oil,Electrical-Burn,High
921,26,Accel-Pedal,Power-Gun,Electrical-Burn,Low
922,26,Accel-Pedal,Power-Gun,Electrical-Burn,Medium
923,26,Accel-Pedal,Power-Gun,Electrical-Burn,High
924,26,Sun-Roof-Housing,Forklift,Electrical-Burn,Low
925,26,Sun-Roof-Housing,Forklift,Electrical-Burn,Medium
926,26,Sun-Roof-Housing,Forklift,Electrical-Burn,High
927,26,Sun-Roof-Housing,Front-Right-Door,Electrical-Burn,Low
928,26,Sun-Roof-Housing,Front-Right-Door,Electrical-Burn,Medium
929,26,Sun-Roof-Housing,Front-Right-Door,Electrical-Burn,High
930,26,Sun-Roof-Housing,Oil,Electrical-Burn,Low
931,26,Sun-Roof-Housing,Oil,Electrical-Burn,Medium
932,26,Sun-Roof-Housing,Oil,Electrical-Burn,High
933,26,Sun-Roof-Housing,Power-Gun,Electrical-Burn,Low
934,26,Sun-Roof-Housing,Power-Gun,Electrical-Burn,Medium
935,26,Sun-Roof-Housing,Power-Gun,Electrical-Burn,High
936,27,Door-Mount,Forklift,Electrical-Burn,Low
937,27,Door-Mount,Forklift,Electrical-Burn,Medium
938,27,Door-Mount,Forklift,Electrical-Burn,High
939,27,Door-Mount,Front-Right-Door,Electrical-Burn,Low
940,27,Door-Mount,Front-Right-Door,Electrical-Burn,Medium
941,27,Door-Mount,Front-Right-Door,Electrical-Burn,High
942,27,Door-Mount,Oil,Electrical-Burn,Low
943,27,Door-Mount,Oil,Electrical-Burn,Medium
944,27,Door-Mount,Oil,Electrical-Burn,High
945,27,Door-Mount,Power-Gun,Electrical-Burn,Low
946,27,Door-Mount,Power-Gun,Electrical-Burn,Medium
947,27,Door-Mount,Power-Gun,Electrical-Burn,High
948,27,Accel-Pedal,Forklift,Electrical-Burn,Low
949,27,Accel-Pedal,Forklift,Electrical-Burn,Medium
950,27,Accel-Pedal,Forklift,Electrical-Burn,High
951,27,Accel-Pedal,Front-Right-Door,Electrical-Burn,Low
952,27,Accel-Pedal,Front-Right-Door,Electrical-Burn,Medium
953,27,Accel-Pedal,Front-Right-Door,Electrical-Burn,High
954,27,Accel-Pedal,Oil,Electrical-Burn,Low
955,27,Accel-Pedal,Oil,Electrical-Burn,Medium
956,27,Accel-Pedal,Oil,Electrical-Burn,High
957,27,Accel-Pedal,Power-Gun,Electrical-Burn,Low
958,27,Accel-Pedal,Power-Gun,Electrical-Burn,Medium
959,27,Accel-Pedal,Power-Gun,Electrical-Burn,High
960,27,Sun-Roof-Housing,Forklift,Electrical-Burn,Low
961,27,Sun-Roof-Housing,Forklift,Electrical-Burn,Medium
962,27,Sun-Roof-Housing,Forklift,Electrical-Burn,High
963,27,Sun-Roof-Housing,Front-Right-Door,Electrical-Burn,Low
964,27,Sun-Roof-Housing,Front-Right-Door,Electrical-Burn,Medium
965,27,Sun-Roof-Housing,Front-Right-Door,Electrical-Burn,High
966,27,Sun-Roof-Housing,Oil,Electrical-Burn,Low
967,27,Sun-Roof-Housing,Oil,Electrical-Burn,Medium
968,27,Sun-Roof-Housing,Oil,Electrical-Burn,High
969,27,Sun-Roof-Housing,Power-Gun,Electrical-Burn,Low
970,27,Sun-Roof-Housing,Power-Gun,Electrical-Burn,Medium
971,27,Sun-Roof-Housing,Power-Gun,Electrical-Burn,High
972,28,Door-Mount,Forklift,Electrical-Burn,Low
973,28,Door-Mount,Forklift,Electrical-Burn,Medium
974,28,Door-Mount,Forklift,Electrical-Burn,High
975,28,Door-Mount,Front-Right-Door,Electrical-Burn,Low
976,28,Door-Mount,Front-Right-Door,Electrical-Burn,Medium
977,28,Door-Mount,Front-Right-Door,Electrical-Burn,High
978,28,Door-Mount,Oil,Electrical-Burn,Low
979,28,Door-Mount,Oil,Electrical-Burn,Medium
980,28,Door-Mount,Oil,Electrical-Burn,High
981,28,Door-Mount,Power-Gun,Electrical-Burn,Low
982,28,Door-Mount,Power-Gun,Electrical-Burn,Medium
983,28,Door-Mount,Power-Gun,Electrical-Burn,High
984,28,Accel-Pedal,Forklift,Electrical-Burn,Low
985,28,Accel-Pedal,Forklift,Electrical-Burn,Medium
986,28,Accel-Pedal,Forklift,Electrical-Burn,High
987,28,Accel-Pedal,Front-Right-Door,Electrical-Burn,Low
988,28,Accel-Pedal,Front-Right-Door,Electrical-Burn,Medium
989,28,Accel-Pedal,Front-Right-Door,Electrical-Burn,High
990,28,Accel-Pedal,Oil,Electrical-Burn,Low
991,28,Accel-Pedal,Oil,Electrical-Burn,Medium
992,28,Accel-Pedal,Oil,Electrical-Burn,High
993,28,Accel-Pedal,Power-Gun,Electrical-Burn,Low
994,28,Accel-Pedal,Power-Gun,Electrical-Burn,Medium
995,28,Accel-Pedal,Power-Gun,Electrical-Burn,High
996,28,Sun-Roof-Housing,Forklift,Electrical-Burn,Low
997,28,Sun-Roof-Housing,Forklift,Electrical-Burn,Medium
998,28,Sun-Roof-Housing,Forklift,Electrical-Burn,High
999,28,Sun-Roof-Housing,Front-Right-Door,Electrical-Burn,Low
1000,28,Sun-Roof-Housing,Front-Right-Door,Electrical-Burn,Medium
1001,28,Sun-Roof-Housing,Front-Right-Door,Electrical-Burn,High
1002,28,Sun-Roof-Housing,Oil,Electrical-Burn,Low
1003,28,Sun-Roof-Housing,Oil,Electrical-Burn,Medium
1004,28,Sun-Roof-Housing,Oil,Electrical-Burn,High
1005,28,Sun-Roof-Housing,Power-Gun,Electrical-Burn,Low
1006,28,Sun-Roof-Housing,Power-Gun,Electrical-Burn,Medium
1007,28,Sun-Roof-Housing,Power-Gun,Electrical-Burn,High
1008,29,Door-Mount,Forklift,Electrical-Burn,Low
1009,29,Door-Mount,Forklift,Electrical-Burn,Medium
1010,29,Door-Mount,Forklift,Electrical-Burn,High
1011,29,Door-Mount,Front-Right-Door,Electrical-Burn,Low
1012,29,Door-Mount,Front-Right-Door,Electrical-Burn,Medium
1013,29,Door-Mount,Front-Right-Door,Electrical-Burn,High
1014,29,Door-Mount,Oil,Electrical-Burn,Low
1015,29,Door-Mount,Oil,Electrical-Burn,Medium
1016,29,Door-Mount,Oil,Electrical-Burn,High
1017,29,Door-Mount,Power-Gun,Electrical-Burn,Low
1018,29,Door-Mount,Power-Gun,Electrical-Burn,Medium
1019,29,Door-Mount,Power-Gun,Electrical-Burn,High
1020,29,Accel-Pedal,Forklift,Electrical-Burn,Low
1021,29,Accel-Pedal,Forklift,Electrical-Burn,Medium
1022,29,Accel-Pedal,Forklift,Electrical-Burn,High
1023,29,Accel-Pedal,Front-Right-Door,Electrical-Burn,Low
1024,29,Accel-Pedal,Front-Right-Door,Electrical-Burn,Medium
1025,29,Accel-Pedal,Front-Right-Door,Electrical-Burn,High
1026,29,Accel-Pedal,Oil,Electrical-Burn,Low
1027,29,Accel-Pedal,Oil,Electrical-Burn,Medium
1028,29,Accel-Pedal,Oil,Electrical-Burn,High
1029,29,Accel-Pedal,Power-Gun,Electrical-Burn,Low
1030,29,Accel-Pedal,Power-Gun,Electrical-Burn,Medium
1031,29,Accel-Pedal,Power-Gun,Electrical-Burn,High
1032,29,Sun-Roof-Housing,Forklift,Electrical-Burn,Low
1033,29,Sun-Roof-Housing,Forklift,Electrical-Burn,Medium
1034,29,Sun-Roof-Housing,Forklift,Electrical-Burn,High
1035,29,Sun-Roof-Housing,Front-Right-Door,Electrical-Burn,Low
1036,29,Sun-Roof-Housing,Front-Right-Door,Electrical-Burn,Medium
1037,29,Sun-Roof-Housing,Front-Right-Door,Electrical-Burn,High
1038,29,Sun-Roof-Housing,Oil,Electrical-Burn,Low
1039,29,Sun-Roof-Housing,Oil,Electrical-Burn,Medium
1040,29,Sun-Roof-Housing,Oil,Electrical-Burn,High
1041,29,Sun-Roof-Housing,Power-Gun,Electrical-Burn,Low
1042,29,Sun-Roof-Housing,Power-Gun,Electrical-Burn,Medium
1043,29,Sun-Roof-Housing,Power-Gun,Electrical-Burn,High
1044,30,Door-Mount,Forklift,Electrical-Burn,Low
1045,30,Door-Mount,Forklift,Electrical-Burn,Medium
1046,30,Door-Mount,Forklift,Electrical-Burn,High
1047,30,Door-Mount,Front-Right-Door,Electrical-Burn,Low
1048,30,Door-Mount,Front-Right-Door,Electrical-Burn,Medium
1049,30,Door-Mount,Front-Right-Door,Electrical-Burn,High
1050,30,Door-Mount,Oil,Electrical-Burn,Low
1051,30,Door-Mount,Oil,Electrical-Burn,Medium
1052,30,Door-Mount,Oil,Electrical-Burn,High
1053,30,Door-Mount,Power-Gun,Electrical-Burn,Low
1054,30,Door-Mount,Power-Gun,Electrical-Burn,Medium
1055,30,Door-Mount,Power-Gun,Electrical-Burn,High
1056,30,Accel-Pedal,Forklift,Electrical-Burn,Low
1057,30,Accel-Pedal,Forklift,Electrical-Burn,Medium
1058,30,Accel-Pedal,Forklift,Electrical-Burn,High
1059,30,Accel-Pedal,Front-Right-Door,Electrical-Burn,Low
1060,30,Accel-Pedal,Front-Right-Door,Electrical-Burn,Medium
1061,30,Accel-Pedal,Front-Right-Door,Electrical-Burn,High
1062,30,Accel-Pedal,Oil,Electrical-Burn,Low
1063,30,Accel-Pedal,Oil,Electrical-Burn,Medium
1064,30,Accel-Pedal,Oil,Electrical-Burn,High
1065,30,Accel-Pedal,Power-Gun,Electrical-Burn,Low
1066,30,Accel-Pedal,Power-Gun,Electrical-Burn,Medium
1067,30,Accel-Pedal,Power-Gun,Electrical-Burn,High
1068,30,Sun-Roof-Housing,Forklift,Electrical-Burn,Low
1069,30,Sun-Roof-Housing,Forklift,Electrical-Burn,Medium
1070,30,Sun-Roof-Housing,Forklift,Electrical-Burn,High
1071,30,Sun-Roof-Housing,Front-Right-Door,Electrical-Burn,Low
1072,30,Sun-Roof-Housing,Front-Right-Door,Electrical-Burn,Medium
1073,30,Sun-Roof-Housing,Front-Right-Door,Electrical-Burn,High
1074,30,Sun-Roof-Housing,Oil,Electrical-Burn,Low
1075,30,Sun-Roof-Housing,Oil,Electrical-Burn,Medium
1076,30,Sun-Roof-Housing,Oil,Electrical-Burn,High
1077,30,Sun-Roof-Housing,Power-Gun,Electrical-Burn,Low
1078,30,Sun-Roof-Housing,Power-Gun,Electrical-Burn,Medium
1079,30,Sun-Roof-Housing,Power-Gun,Electrical-Burn,High
